epoch,train_loss,val_auc
1,0.4852848947048187,0.9705980331098011
2,0.32869523763656616,0.9734875367524586
3,0.3052677512168884,0.9741682719464682
4,0.19593901932239532,0.9940037368017034
5,0.11689890921115875,0.9961473284764566
6,0.10994340479373932,0.9970091102646177
7,0.08749786764383316,0.9973494778616224
8,0.07414557039737701,0.9976681198673292
9,0.06371203809976578,0.9981895340584852
10,0.04982073977589607,0.9981243572845908
11,0.05307555943727493,0.9978057152788842
12,0.046011507511138916,0.9973422359978564
13,0.039066217839717865,0.9974581058181133
14,0.032934073358774185,0.9974798314094115
15,0.029237797483801842,0.9977115710499254
